{
	"AdaBoost": {
		"Cross-Validation Accuracy": 0.9513274336283185
	},
	"KNN": {
		"Cross-Validation Accuracy": 0.8080955310523245
	},
	"Logistic Regression": {
		"Cross-Validation Accuracy": 0.80308275361633
	},
	"Random Forest": {
		"Cross-Validation Accuracy": 0.9092750776899657
	}
}